<?xml version="3.3.1" encoding="UTF-8" standalone="yes" ?>
<addon id="plugin.video.v2romejrotv" name="Romejro TV" version="3.1.5" provider-name="RomejroTV">
	<requires>
		<import addon="xbmc.addon" version="17.9.910"/>
		<import addon="script.module.requests" />
		<import addon="script.module.resolveurl" version="5.0.12b"/>
		<import addon="script.module.six"/>
		<import addon="inputstream.adaptive"/>
		<import addon="script.module.inputstreamhelper"/>
		<import addon="script.module.kodi-six"/>

		

	</requires>
	<extension point="xbmc.python.pluginsource" library="main.py">
		<provides>video</provides>
	</extension>
	<extension point="xbmc.addon.metadata">
		<description>Romejro TV</description>
		<disclaimer>Movies And Series</disclaimer>
		<summary>Romejro TV</summary>
		<language>pl</language>
		<platform>all</platform>
		<license>GNU GENERAL PUBLIC LICENSE. Version 2, June 1991</license>
		<website>https://romejrotv.blu24.pl</website>
		<assets>
			<icon>icon.png</icon>
			<fanart>fanart.jpg</fanart>
		</assets>
	</extension>
</addon>
