<?xml version="1.0" encoding="UTF-8" standalone="yes"?>
<addon id="repository.Romejrorepo" name="RomejroRepo" version="2.0.2" provider-name="Romejro">
	<extension point="xbmc.addon.repository" name="RomejroRepo">
		<dir minversion="19.0.0">
			<info compressed="false">https://raw.github.com/Romejro/RomejroTV/main/_repo/addons.xml</info>
			<checksum>https://raw.github.com/Romejro/RomejroTV/main/_repo/addons.xml.md5</checksum>
			<datadir zip="true">https://raw.github.com/Romejro/RomejroTV/main/_repo/</datadir>
			<hashes>false</hashes>
		</dir>
	</extension>
	<extension point="xbmc.addon.metadata">
		<summary>RomejroTv Movies and series</summary>
		<description>Najnowsze Filmy i seriale</description>
		<platform>all</platform>
	</extension>
</addon>
