<?xml version="1.0" encoding="UTF-8"?>
    <addon id="repository.Romejrorepo" name="RomejroRepo" version="2.0.2" provider-name="Romejro">
        <requires>
            <import addon="xbmc.addon" version="12.0.0"/>
        </requires>
        <extension point="xbmc.addon.repository" name="RomejroRepo">
            <info compressed="false">https://raw.github.com/Romejro/RomejroTV/_repo/addons.xml</info>
            <checksum>https://raw.github.com/Romejro/RomejroTV/_repo/addons.xml.md5</checksum>
            <datadir zip="true">https://raw.github.com/Romejro/RomejroTV/_repo/</datadir>
            <hashes>false</hashes>
        </extension>
        <extension point="xbmc.addon.metadata">
            <summary>RomejroTv Movies and series</summary>
            <description>Najnowsze Filmy i seriale</description>
            <platform>all</platform>
    </extension>
</addon>